GPA,StudyTimeWeekly,Absences,Extracurricular,Tutoring,PerformanceScore,raisedhands,VisITedResources,AnnouncementsView,Discussion,StudentAbsenceDays,EngagementScore,SKS_Category,SKS,performance_score,engagement_score
2.929195591667681,19.833722807854716,7,0,1,4.438422798238015,15,16,2,20,0,13.700000000000001,20,20,4.438422798238015,13.700000000000001
3.042914833436377,15.40875605584674,0,0,0,4.298917144543899,20,20,3,25,0,17.6,22,22,4.298917144543899,17.6
0.1126022544661815,4.21056976881226,26,0,0,-1.7128451444510755,10,7,0,30,1,11.1,12,12,-1.7128451444510755,11.1
2.0542181397029484,10.028829473958217,14,1,0,1.4274531506728227,30,25,5,35,1,24.5,18,18,1.4274531506728227,24.5
1.2880611817953875,4.6724952729713305,17,0,1,-0.2502764726875788,40,50,12,50,1,39.4,12,12,-0.2502764726875788,39.4
3.0841836144863937,8.191218545250186,0,1,0,2.8719171548445948,42,30,13,70,1,38.2,22,22,2.8719171548445948,38.2
2.748237414891583,15.601680474699297,10,0,0,3.219631060896493,35,12,0,17,1,17.5,20,20,3.219631060896493,17.5
1.360142712316461,15.424496305808074,22,1,1,1.4289563460881993,50,10,15,22,0,25.4,12,12,1.4289563460881993,25.4
2.896819189513569,4.562007558047703,1,0,0,1.971129187414968,12,21,16,50,0,23.099999999999998,20,20,1.971129187414968,23.099999999999998
3.5734742103297656,18.4444663630972,0,1,0,5.118282956751346,70,80,25,70,0,64.0,24,24,5.118282956751346,64.0
2.1471716250185144,11.851363655296536,11,0,0,2.129141381066713,50,88,30,80,0,63.4,18,18,2.129141381066713,63.4
1.5595945190402771,7.59848581924029,15,0,0,0.6435349714641689,19,6,19,12,0,13.700000000000001,12,12,0.6435349714641689,13.700000000000001
1.520077814874808,10.038711615617212,21,1,0,0.5157734490733659,5,1,0,11,1,4.0,12,12,0.5157734490733659,4.0
1.7515809583340785,12.101425068754876,21,0,0,1.0209173970846064,20,14,12,19,1,16.4,12,12,1.0209173970846064,16.4
2.396788117124796,11.197810636915708,9,0,1,2.29827737423306,62,70,44,60,1,60.39999999999999,18,18,2.29827737423306,60.39999999999999
1.3415207165346672,9.728100710723565,17,0,1,0.7822284287585797,30,40,22,66,0,38.6,12,12,0.7822284287585797,38.6
2.232175277715976,10.098656081788002,14,1,0,1.5126013274439905,36,30,20,80,1,39.8,18,18,1.5126013274439905,39.8
1.3844041756940335,3.5282382085577235,16,0,1,-0.3405906880108418,55,13,35,90,1,45.4,12,12,-0.3405906880108418,45.4
0.4695533233798704,16.25465808609359,29,1,0,0.538752946570666,69,15,36,96,0,51.6,12,12,0.538752946570666,51.6
2.3957840945307,10.835206398820308,9,0,0,2.225354917576342,70,50,40,99,0,63.8,18,18,2.225354917576342,63.8
2.778411299920653,2.621597234094062,2,0,0,1.4356839667870736,60,60,33,90,1,60.6,20,20,1.4356839667870736,60.6
0.3468940367050148,15.32314203165556,25,1,0,0.703386021013118,10,12,4,80,0,23.4,12,12,0.703386021013118,23.4
0.3125462305253549,18.648879567547016,29,0,1,0.9547944057195448,15,21,2,90,0,29.200000000000003,12,12,0.9547944057195448,29.200000000000003
1.7701318767799732,18.94613798473924,20,1,0,2.4972803476598378,2,0,2,50,1,11.0,12,12,2.4972803476598378,11.0
1.5051556220362858,7.380354648223455,15,0,0,0.5781331784592054,0,2,3,70,1,15.2,12,12,0.5781331784592054,15.2
2.977851918315743,2.7103374712150807,5,0,0,1.2332082615693134,8,7,30,40,1,18.5,20,20,1.2332082615693134,18.5
2.948717671911921,10.367992532661304,2,0,0,3.0530855752970294,19,19,25,40,0,24.4,20,20,3.0530855752970294,24.4
2.145204720467192,2.2521845869844137,8,0,0,0.5085188055837595,25,15,12,33,1,21.0,18,18,0.5085188055837595,21.0
2.854803928981318,18.679748370252344,10,1,0,3.8778712456429965,75,85,52,43,0,67.0,20,20,3.8778712456429965,67.0
1.519441725815139,3.67159254710292,20,1,0,-0.6579048002533603,30,90,33,35,0,49.6,12,12,-0.6579048002533603,49.6
1.727120309522409,5.055317199023282,12,0,1,0.50191156361362,35,80,50,70,0,58.5,12,12,0.50191156361362,58.5
1.8475354711387904,8.132730537699409,17,0,0,0.6655602959953981,4,5,40,16,1,13.899999999999999,12,12,0.6655602959953981,13.899999999999999
0.3846169728564877,7.663289371182516,25,0,0,-0.8134953366209019,2,19,10,50,1,18.3,12,12,-0.8134953366209019,18.3
0.94940609779728,15.89325784795778,21,1,0,1.4584140087104687,8,22,9,40,1,18.8,12,12,1.4584140087104687,18.8
1.1409594184203395,9.126336411019247,27,1,1,-0.4183489504280149,12,11,8,40,1,16.5,12,12,-0.4183489504280149,16.5
0.2614722600507521,3.415365200066738,23,0,0,-1.5123380559663517,10,12,17,30,1,16.0,12,12,-1.5123380559663517,16.0
0.2182848568210317,5.344197909721482,26,0,1,-1.443846475327291,8,6,4,22,1,9.399999999999999,12,12,-1.443846475327291,9.399999999999999
1.0677635510419796,10.18226770375044,21,0,1,0.36355896116688013,45,54,26,90,0,52.9,12,12,0.36355896116688013,52.9
3.0189058584279675,2.949078348522698,3,1,1,1.4973780130757266,0,0,0,4,1,0.8,22,22,1.4973780130757266,0.8
1.5268678317927231,12.233113512920282,21,1,1,0.9573698353011455,50,90,37,70,0,63.4,12,12,0.9573698353011455,63.4
1.0582873996898603,11.314946131022918,23,0,1,0.3863041860805274,14,13,3,70,1,22.7,12,12,0.3863041860805274,22.7
2.625128097732231,14.294046327645152,7,0,0,3.208860504621923,19,20,16,50,0,24.9,20,20,3.208860504621923,24.9
2.8087548220286536,18.754092307587356,12,0,1,3.6743203903289325,10,12,7,33,1,14.600000000000001,20,20,3.6743203903289325,14.600000000000001
2.888891669272444,18.245091222023117,9,0,0,3.9045749121136013,30,35,28,90,0,43.1,20,20,3.9045749121136013,43.1
4.0,18.921512361376628,1,1,1,5.284302472275327,33,33,30,90,0,43.8,24,24,5.284302472275327,43.8
2.515300272256249,4.894311940474019,7,0,0,1.2849824969973032,20,12,15,70,1,26.6,20,20,1.2849824969973032,26.6
2.5637654300150947,2.6313061327870924,5,1,0,1.0517673985634564,7,10,1,30,1,11.3,20,20,1.0517673985634564,11.3
1.7036118032323682,6.04553400992897,15,0,0,0.3905515232787413,70,4,39,90,0,48.0,12,12,0.3905515232787413,48.0
2.0998851567205854,17.90170345532629,17,0,0,2.7202947537534925,13,80,40,88,0,53.5,18,18,2.7202947537534925,53.5
2.4610469629080955,19.441069492469765,16,1,0,3.2726326836571915,29,39,50,77,0,45.8,18,18,3.2726326836571915,45.8
2.935477191694632,17.18649902140952,5,0,0,4.111490680959758,20,14,12,70,1,26.6,20,20,4.111490680959758,26.6
1.9863780592187463,2.200354422550872,12,1,1,0.03462210819767275,39,15,16,50,1,29.4,12,12,0.03462210819767275,29.4
1.5715441913992825,18.948559961195865,22,0,0,2.2183296687988863,55,90,16,40,0,54.7,12,12,2.2183296687988863,54.7
1.6643106896610833,8.46716054701572,13,0,0,1.0591563852675774,49,70,19,75,0,54.5,12,12,1.0591563852675774,54.5
0.7562591665741925,0.1862058152470735,29,1,1,-2.5602551703209087,12,50,8,30,1,26.200000000000003,12,12,-2.5602551703209087,26.200000000000003
0.8027695392342074,8.847874814963872,25,0,0,-0.40931722131354276,16,14,6,20,1,14.2,12,12,-0.40931722131354276,14.2
1.3423871779577343,0.9213833935093518,20,0,0,-1.2787684501150358,19,5,4,1,1,8.2,12,12,-1.2787684501150358,8.2
0.2865712882866222,10.87755842322235,29,1,0,-0.6098598000408813,5,2,6,5,1,4.300000000000001,12,12,-0.6098598000408813,4.300000000000001
2.61383869367367,6.771080548741026,9,0,1,1.4997515872176734,28,60,19,50,0,40.2,20,20,1.4997515872176734,40.2
0.9290125546259368,9.468698671880976,23,0,0,-0.03465524377343021,27,22,22,40,0,27.1,12,12,-0.03465524377343021,27.1
1.892758695926592,12.26340721486234,10,1,0,2.209784921343105,21,10,28,20,1,18.900000000000002,12,12,2.209784921343105,18.900000000000002
2.331261549308754,17.376021916356407,12,0,0,3.2077090029947835,50,70,32,40,0,50.4,18,18,3.2077090029947835,50.4
2.234238472600233,13.238031529438572,11,0,0,2.441301694927808,80,90,70,80,0,81.0,18,18,2.441301694927808,81.0
2.3858282190764624,8.680977369563614,8,0,0,1.8905267615433077,17,13,16,12,0,14.6,18,18,1.8905267615433077,14.6
3.347356743507809,16.388557073407302,3,0,1,4.316654112084585,0,5,7,2,1,3.3000000000000003,22,22,4.316654112084585,3.3000000000000003
3.2618553073332905,18.111642751462643,6,1,1,4.327070673225846,13,5,18,19,1,12.8,22,22,4.327070673225846,12.8
1.0396238791477144,2.3951993286439444,23,0,0,-1.4051105826121257,25,10,19,30,1,20.3,12,12,-1.4051105826121257,20.3
0.0278186247324679,10.638659551055827,28,0,0,-0.6611406398958479,65,75,23,80,0,62.6,12,12,-0.6611406398958479,62.6
1.3299645378768772,5.690239194848883,21,0,1,-0.42996634587947247,70,69,35,30,0,54.7,12,12,-0.42996634587947247,54.7
3.283916521897384,0.941223957538948,1,0,0,1.4018114002667432,39,40,11,33,0,32.5,22,22,1.4018114002667432,32.5
2.937454182316864,13.370933902279706,6,1,0,3.249168453382687,22,30,10,12,1,20.0,20,20,3.249168453382687,20.0
0.7388682028052602,17.255415549184512,28,0,0,0.9466303909590068,29,22,9,20,0,21.099999999999998,12,12,0.9466303909590068,21.099999999999998
2.556801662833417,3.258053089547881,8,1,0,0.874331283042943,11,2,2,8,0,5.9,20,20,0.874331283042943,5.9
3.300928568970799,16.24827315247801,4,0,1,4.170026058083922,19,30,26,19,1,23.7,22,22,4.170026058083922,23.7
2.200682946560561,17.067914670738833,14,1,0,2.8938561127719913,12,0,6,13,0,7.4,18,18,2.8938561127719913,7.4
1.8558655731681932,18.28680885332967,17,0,0,2.699707999933212,50,90,29,60,0,59.8,12,12,2.699707999933212,59.8
2.734401494419992,5.305701781721048,3,0,0,1.8549009541122066,15,70,37,44,0,41.7,20,20,1.8549009541122066,41.7
2.1317372971872284,18.079061303797783,18,1,1,2.6685071796344486,20,80,33,33,0,43.2,18,18,2.6685071796344486,43.2
0.9797699107752862,6.413255094728645,19,0,0,-0.22544101674415673,13,3,11,9,1,8.8,12,12,-0.22544101674415673,8.8
0.994325023551287,11.046760269110056,25,0,0,0.107082063242526,80,90,49,55,0,71.8,12,12,0.107082063242526,71.8
2.0746999767813343,1.0101494166456426,6,0,0,0.43190987404166226,8,15,10,40,0,16.9,18,18,0.43190987404166226,16.9
0.500508035804656,0.8776217673748721,25,0,0,-2.1242724322031634,8,25,1,70,1,24.1,12,12,-2.1242724322031634,24.1
2.532438417587673,14.407464254644058,7,1,0,3.1944682179638804,7,5,2,80,1,20.0,20,20,3.1944682179638804,20.0
1.4633780357856976,8.88959955955582,16,0,0,0.763271126225443,7,4,10,50,1,15.3,12,12,0.763271126225443,15.3
2.342836773191855,5.125847507384352,12,1,0,0.7623042107536124,50,70,50,10,1,48.0,18,18,0.7623042107536124,48.0
1.1588463344506037,3.808269920498204,23,0,0,-1.074807482120118,1,0,1,12,1,2.9000000000000004,12,12,-1.074807482120118,2.9000000000000004
1.5237487447337323,13.399069817184362,20,1,1,1.2893134613303658,70,12,40,50,0,42.6,12,12,1.2893134613303658,42.6
0.0,0.0080308805067974,27,0,0,-2.6983938238986407,19,70,3,50,0,37.3,12,12,-2.6983938238986407,37.3
1.0586220144439875,16.117823383937086,22,1,0,1.447013482565012,3,12,4,33,0,11.9,12,12,1.447013482565012,11.9
2.2297401841747666,1.5849921225985764,10,0,0,0.2088944981896219,5,20,1,50,1,17.7,18,18,0.2088944981896219,17.7
0.1947432807455151,3.829792298162389,26,0,0,-1.7561442280693162,4,8,10,60,1,17.6,12,12,-1.7561442280693162,17.6
3.5069200713692137,7.724727905981792,0,1,0,2.947713609744044,80,90,55,19,0,65.8,24,24,2.947713609744044,65.8
3.552286943350944,9.697174794322072,1,0,1,3.260349736204792,50,70,19,15,0,42.8,24,24,3.260349736204792,42.8
2.23849135429023,7.099902316278836,16,0,1,0.7153770049718591,55,89,40,40,0,59.2,18,18,0.7153770049718591,59.2
2.7084723438568763,6.414243299685878,4,1,0,1.966237597479926,80,44,35,10,1,46.2,20,20,1.966237597479926,46.2
0.7329082339013866,19.278320241463767,29,0,0,1.2488273418533078,100,80,2,70,0,68.4,12,12,1.2488273418533078,68.4
0.9654824453045304,12.831593624867883,29,0,0,0.052511703095388995,14,60,11,75,0,39.4,12,12,0.052511703095388995,39.4
2.5552328599380942,0.4686591073477641,5,0,0,0.6158249654447905,6,2,38,12,0,12.4,20,20,0.6158249654447905,12.4
0.7443222999212357,8.603518168886264,25,1,0,-0.48156744625425274,10,3,0,30,0,9.9,12,12,-0.48156744625425274,9.9
0.7220565813951911,17.500173994879404,24,0,0,1.3888574315339568,50,7,9,50,1,28.900000000000002,12,12,1.3888574315339568,28.900000000000002
1.2712295298373406,6.029123728213359,23,1,1,-0.585683442422392,50,90,40,90,0,68.0,12,12,-0.585683442422392,68.0
2.52614214142023,1.8911268954877647,6,1,0,0.7886822356656449,70,92,50,7,0,59.99999999999999,20,20,0.7886822356656449,59.99999999999999
0.9424153953595232,15.167695431798355,27,1,0,0.7105052445034801,2,6,2,8,1,4.4,12,12,0.7105052445034801,4.4
1.515639098395023,12.120276638721624,20,0,1,1.0303109671023343,1,7,6,10,1,5.6,12,12,1.0303109671023343,5.6
0.6482739267081915,11.406250156530078,29,1,0,-0.35944039801070815,0,12,3,3,1,4.799999999999999,12,12,-0.35944039801070815,4.799999999999999
2.0488500821388604,1.0715311921481585,14,0,0,-0.3661537287148242,0,0,5,80,1,17.0,18,18,-0.3661537287148242,17.0
0.8422959992571388,2.8099801959103465,18,1,0,-0.9010855611150752,12,26,7,40,0,20.799999999999997,12,12,-0.9010855611150752,20.799999999999997
1.4641879236906472,12.450987924262275,15,0,0,1.575872754328714,70,90,41,33,0,62.800000000000004,12,12,1.575872754328714,62.800000000000004
1.487946865169799,4.156476829176716,24,1,1,-0.9735258880967375,7,12,5,3,1,7.299999999999999,12,12,-0.9735258880967375,7.299999999999999
2.587565796370635,10.081401594968488,12,0,1,1.8513066375419518,90,70,30,14,0,56.8,20,20,1.8513066375419518,56.8
3.2208069781948727,10.89763372058787,4,0,1,3.067849535395523,70,88,55,40,0,66.4,22,22,3.067849535395523,66.4
3.5451594318003106,5.670143805418788,2,0,1,2.352092533803882,77,80,51,80,0,73.3,24,24,2.352092533803882,73.3
3.0895989530746477,18.968503110829857,2,0,0,4.829540203395831,2,5,3,50,1,12.7,22,22,4.829540203395831,12.7
1.919956439918208,16.8492821367115,18,0,1,2.3378390033095844,25,27,0,69,1,29.4,12,12,2.3378390033095844,29.4
2.198593184586961,14.44747015265597,13,0,1,2.468931304365979,11,2,0,50,1,13.9,18,18,2.468931304365979,13.9
0.8782126167627767,1.5598773281881817,15,0,0,-0.8367394876572529,0,8,11,70,1,18.6,12,12,-0.8367394876572529,18.6
1.340368647512407,2.122600386180389,21,1,0,-1.1393324637589595,77,80,12,19,1,53.29999999999999,12,12,-1.1393324637589595,53.29999999999999
1.8195113357139088,9.855626917299114,16,0,0,1.0989299177453864,25,29,40,17,0,27.6,12,12,1.0989299177453864,27.6
0.6193509314675341,3.214266983819713,26,0,0,-1.7094062306490438,24,35,23,22,1,26.700000000000003,12,12,-1.7094062306490438,26.700000000000003
3.619460869693516,19.56530927058948,3,1,0,5.060846201995303,60,60,3,60,0,48.6,24,24,5.060846201995303,48.6
2.17490279620988,3.170404680548189,12,1,1,0.3040420545935896,21,12,0,50,0,19.9,18,18,0.3040420545935896,19.9
2.974406014911044,9.74935670927948,7,0,1,2.439633747820314,0,4,8,30,1,8.8,20,20,2.439633747820314,8.8
0.9807358437488028,7.282421136830108,18,0,0,0.04877856486554277,66,90,55,12,1,60.199999999999996,12,12,0.04877856486554277,60.199999999999996
3.101673809015105,12.78772842908196,4,0,0,3.3982152094224345,70,98,7,5,0,52.8,22,22,3.3982152094224345,52.8
3.4982573417733205,2.5807281777884983,1,1,1,1.815448572267028,0,6,4,15,0,5.6,22,22,1.815448572267028,5.6
2.590553445052984,8.606328560847817,14,1,0,1.3574870901907572,12,30,0,17,1,16.0,20,20,1.3574870901907572,16.0
3.5350037581843186,5.494100656142873,1,1,0,2.412821634502302,2,9,7,55,0,15.7,24,24,2.412821634502302,15.7
2.8199217452931866,17.75503049343376,10,0,1,3.6789747968040274,55,33,6,9,1,29.4,20,20,3.6789747968040274,29.4
2.0165967745176614,0.8117142426939017,12,1,1,-0.2310184416541552,12,10,20,16,0,13.8,18,18,-0.2310184416541552,13.8
1.3711850388917164,18.274549880129182,22,0,1,2.003383991582523,70,90,2,2,0,48.8,12,12,2.003383991582523,48.8
2.1047955879699045,16.65988277106001,9,0,0,3.273894789399964,7,9,5,30,1,11.8,18,18,3.273894789399964,11.8
3.030439088696523,5.951414328816309,2,0,0,2.202458501241871,80,42,20,50,0,50.6,22,22,2.202458501241871,50.6
3.58242187231196,15.785813093542094,4,0,1,4.190131367633203,0,3,10,3,1,3.5,24,24,4.190131367633203,3.5
2.4265467060392454,0.6242712067749512,2,1,0,0.8954729237706884,12,60,0,70,1,35.6,18,18,0.8954729237706884,35.6
3.161436270258364,19.33731100586787,5,1,1,4.63203670927692,80,80,15,70,0,65.0,22,22,4.63203670927692,65.0
2.122638529628868,10.531898851795788,12,1,0,1.755435182210705,70,80,95,70,0,78.0,18,18,1.755435182210705,78.0
2.204860580997317,6.065620521308905,9,0,0,1.1950683366607078,70,80,95,70,0,78.0,18,18,1.1950683366607078,78.0
1.182987500498048,7.251664251893541,18,1,0,0.12352785057792737,60,80,50,40,0,60.0,12,12,0.12352785057792737,60.0
2.7387957163436,1.3281070692099473,7,1,0,0.6611397003794294,100,80,95,90,0,91.0,20,20,0.6611397003794294,91.0
2.2379013009826028,19.786990280840783,17,0,1,3.152558576561198,100,85,85,70,0,86.5,18,18,3.152558576561198,86.5
3.139481546380388,0.7858389030138491,2,1,0,1.2129603991549252,10,60,5,20,1,26.0,22,22,1.2129603991549252,26.0
1.0460447710800969,13.09814246295718,23,1,1,0.7380464010234746,19,65,50,10,1,37.2,12,12,0.7380464010234746,37.2
0.8164582452137992,8.854718554129166,23,0,1,-0.20247299108864736,10,75,55,11,0,38.7,12,12,-0.20247299108864736,38.7
2.03354462052118,18.978324363774306,16,1,0,3.0090827209633333,80,90,55,19,0,65.8,18,18,3.0090827209633333,65.8
2.432078522782237,4.919994806135904,7,1,1,1.2568303703400754,10,10,15,19,1,12.8,18,18,1.2568303703400754,12.8
2.6597713195279016,10.641736478760226,9,1,0,2.292255823563206,70,75,55,11,0,56.7,20,20,2.292255823563206,56.7
3.588887939765012,9.64712417165506,1,1,1,3.264980010237017,100,75,50,70,0,76.5,24,24,3.264980010237017,76.5
2.3145876278110027,14.057328881002029,11,0,0,2.637300827324807,10,79,30,30,0,38.7,18,18,2.637300827324807,38.7
1.00722582021403,1.3602046390484102,22,1,0,-1.5250687441047062,60,55,30,40,0,48.5,12,12,-1.5250687441047062,48.5
2.8816123214605245,3.875782600467097,5,1,0,1.4278014486776291,100,75,50,70,0,76.5,20,20,1.4278014486776291,76.5
2.804504928911685,4.291296401856997,1,0,0,1.8800612519360733,80,80,51,59,0,70.0,20,20,1.8800612519360733,70.0
1.7629211240998668,14.763015096833794,20,0,1,1.6577714690067054,23,63,71,89,0,57.8,12,12,1.6577714690067054,57.8
1.11991126295732,3.7827739265348015,22,1,0,-0.9954807095101119,100,91,98,40,0,84.9,12,12,-0.9954807095101119,84.9
1.0306575057198797,11.469835277819534,23,0,0,0.40623005785185873,10,51,40,40,1,34.3,12,12,0.40623005785185873,34.3
3.0756193536614336,4.304876410019074,2,1,0,1.8912230234683884,70,50,33,41,1,50.800000000000004,22,22,1.8912230234683884,50.800000000000004
2.631434065124418,17.232499001679567,16,1,1,2.8990734263856806,70,58,73,91,0,71.2,20,20,2.8990734263856806,71.2
0.5030669073279145,18.84370908979277,28,0,0,1.1699685808897202,70,50,30,49,0,51.8,12,12,1.1699685808897202,51.8
2.784237837142815,10.369859498844807,6,0,0,2.587667034626087,70,50,33,40,0,50.6,20,20,2.587667034626087,50.6
0.2476267650865634,7.046177684183565,28,0,0,-1.2917137571286619,22,51,48,10,1,33.5,12,12,-1.2917137571286619,33.5
1.189548769618786,4.681155500349982,20,0,0,-0.587949392082489,62,68,48,80,0,64.6,12,12,-0.587949392082489,64.6
3.3759940088028397,0.9956200304608752,4,1,1,1.149521609613311,82,89,58,50,0,72.9,22,22,1.149521609613311,72.9
1.293573556445951,5.370001523949908,22,0,1,-0.6085702726316382,72,80,58,66,0,70.39999999999999,12,12,-0.6085702726316382,70.39999999999999
3.7185869042869646,13.084715598906358,0,0,1,4.104377881496058,70,82,3,73,0,60.8,24,24,4.104377881496058,60.8
2.670559614819829,10.672338626184215,7,1,0,2.5026915711647746,60,82,93,43,1,69.8,20,20,2.5026915711647746,69.8
2.369648013449619,18.880825565618547,11,1,1,3.6240243185035577,55,72,83,14,1,57.49999999999999,18,18,3.6240243185035577,57.49999999999999
1.6244868202221543,7.925545249834012,13,0,0,0.9349037780556639,72,65,73,66,0,68.89999999999999,12,12,0.9349037780556639,68.89999999999999
2.5374768278143587,13.87726684656789,15,1,1,2.2904441004393217,51,82,53,43,0,59.1,20,20,2.2904441004393217,59.1
2.298417928509479,9.786454949502428,9,0,0,1.976658161304277,80,92,83,43,0,76.79999999999998,18,18,1.976658161304277,76.79999999999998
2.2598041504961186,10.251524318484233,14,1,0,1.554226523895294,60,52,23,33,0,44.800000000000004,18,18,1.554226523895294,44.800000000000004
1.3213433008698847,5.35548629208235,20,0,0,-0.40036542123557606,30,12,29,23,0,23.0,12,12,-0.40036542123557606,23.0
0.9499742281238568,9.099015536839994,23,0,0,-0.10020720138245842,40,62,83,33,0,53.800000000000004,12,12,-0.10020720138245842,53.800000000000004
0.818786616073051,9.415699940254145,25,1,0,-0.28934536551995027,60,52,23,33,0,44.800000000000004,12,12,-0.28934536551995027,44.800000000000004
2.3392245127535936,14.132850434978678,14,0,1,2.362259892097173,20,22,53,13,1,25.800000000000004,18,18,2.362259892097173,25.800000000000004
2.6827762879633723,18.81279998372228,9,0,0,3.9356705119298048,20,52,23,33,1,32.800000000000004,20,20,3.9356705119298048,32.800000000000004
1.543837471085622,6.586425549650086,20,1,1,-0.06517990163573417,50,62,73,43,1,56.8,12,12,-0.06517990163573417,56.8
0.1969011048236224,0.8440093716259689,27,1,0,-2.4524376837453574,10,2,13,53,1,16.8,12,12,-2.4524376837453574,16.8
2.748610257448085,9.925902510012794,6,0,0,2.4846246049817924,60,52,23,33,0,44.800000000000004,20,20,2.4846246049817924,44.800000000000004
1.1048937876999445,10.889226642983372,25,1,1,0.11980284367665206,15,52,83,11,0,38.900000000000006,12,12,0.11980284367665206,38.900000000000006
2.553439811443938,3.368811022638305,2,1,0,1.4951381291052361,80,42,33,13,0,45.800000000000004,20,20,1.4951381291052361,45.800000000000004
3.2742334588098787,15.209292125521332,1,1,0,4.251551808628218,40,51,20,33,0,37.9,22,22,4.251551808628218,37.9
3.1860603780389143,19.698582168829837,5,0,1,4.714140584981534,60,70,63,93,0,70.2,22,22,4.714140584981534,70.2
1.722115750240589,18.915494340169214,20,1,0,2.4719451681300786,50,62,13,33,1,42.8,12,12,2.4719451681300786,42.8
2.3380463575903736,3.942120776473044,8,1,0,0.9236426983307584,85,75,62,53,0,71.0,18,18,0.9236426983307584,71.0
3.273998748434336,17.507264798015214,9,1,1,3.9110524589767777,25,15,32,53,0,29.0,22,22,3.9110524589767777,29.0
2.993502391205279,14.089872728233694,3,0,0,3.7153755021288513,10,35,30,13,1,22.1,20,20,3.7153755021288513,22.1
0.8963978990233954,9.076931276138232,26,1,1,-0.42605458516299555,87,65,82,33,0,68.6,12,12,-0.42605458516299555,68.6
2.9610552588035977,10.812219886494582,2,0,0,3.1468660808203555,85,15,22,53,0,45.0,20,20,3.1468660808203555,45.0
2.6743510954520984,16.99200349964916,8,1,0,3.6681411381106717,80,71,52,51,0,65.89999999999999,20,20,3.6681411381106717,65.89999999999999
1.2178731513333656,9.602698792767464,23,1,0,0.10768901908683892,75,71,72,53,0,68.8,12,12,0.10768901908683892,68.8
1.36559111032951,7.464147382102537,21,0,1,-0.06093407944768847,85,66,12,23,0,52.3,12,12,-0.06093407944768847,52.3
1.5222748446854282,9.864949860519715,16,0,0,0.9818999099781145,23,25,32,53,0,31.4,12,12,0.9818999099781145,31.4
2.2314023973705024,11.582596080700982,13,0,1,1.9090801750883972,15,25,37,13,1,22.0,18,18,1.9090801750883972,22.0
2.135266354890094,3.781553075566977,9,1,0,0.710417157069433,95,91,62,53,0,78.80000000000001,18,18,0.710417157069433,78.80000000000001
2.255698914963147,18.018154605339813,12,0,0,3.3059104870532208,81,75,62,53,0,69.8,18,18,3.3059104870532208,69.8
2.751145787611705,13.483738976592276,11,1,1,2.6972061103631373,53,75,72,23,0,57.4,20,20,2.6972061103631373,57.4
0.8976341586164038,12.665378346749778,26,1,0,0.2921293327965171,15,43,42,33,0,32.4,12,12,0.2921293327965171,32.4
3.117354434785501,1.9899245236127627,0,1,0,1.6449266786367531,92,65,62,53,0,70.1,22,22,1.6449266786367531,70.1
1.2875951312580094,12.083478763451836,27,1,0,0.23173380519357112,83,75,62,53,0,70.4,12,12,0.23173380519357112,70.4
0.5710530980330257,2.4192132447698467,21,0,0,-1.3877361118328204,27,15,42,53,1,31.6,12,12,-1.3877361118328204,31.6
0.5813557994949716,1.573953503907981,28,1,0,-2.2526669794204155,45,95,12,13,0,47.0,12,12,-2.2526669794204155,47.0
1.6434624040739565,10.546217912847863,18,0,0,0.9666285441991553,15,90,52,83,0,58.5,12,12,0.9666285441991553,58.5
1.2348440407820207,8.055710680929899,18,0,0,0.30507975249878805,45,58,52,43,0,49.9,12,12,0.30507975249878805,49.9
2.968093619579765,11.776205403124465,5,0,0,3.0424785284567992,25,5,12,33,0,18.0,20,20,3.0424785284567992,18.0
2.009298479722319,1.784443361144772,12,1,0,-0.0393919358821182,22,51,42,40,0,38.3,18,18,-0.0393919358821182,38.3
1.146086034129592,8.619661256945168,18,1,0,0.38236666504087036,29,10,12,24,1,18.9,12,12,0.38236666504087036,18.9
2.1923631978552875,3.4957343009031594,12,0,1,0.37609213932274677,72,51,42,24,1,50.099999999999994,18,18,0.37609213932274677,50.099999999999994
0.94573087329995,19.74200171848233,26,1,1,1.7266926930164463,67,31,42,14,0,40.599999999999994,12,12,1.7266926930164463,40.599999999999994
0.5672500284902902,11.223004248703488,25,1,0,-0.028499138863186335,17,21,42,14,0,22.599999999999998,12,12,-0.028499138863186335,22.599999999999998
0.9707643470928292,13.748737218817348,21,0,0,1.0380531826006014,27,41,49,14,0,33.0,12,12,1.0380531826006014,33.0
1.6560601255004677,6.508365613652156,20,1,1,-0.03590282706938153,70,81,39,84,0,69.89999999999999,12,12,-0.03590282706938153,69.89999999999999
2.8393132491560324,1.894778295586883,3,0,0,1.2146809587797895,27,90,82,14,0,54.3,20,20,1.2146809587797895,54.3
0.189818059909026,19.517417255670733,23,0,0,1.6794106750977567,17,61,42,14,0,34.599999999999994,12,12,1.6794106750977567,34.599999999999994
3.25829468502287,5.7251807076636645,1,1,0,2.3483540155418807,87,81,42,19,0,62.599999999999994,22,22,2.3483540155418807,62.599999999999994
1.9200558526588956,8.476163703471485,14,0,1,1.0632550817578552,7,61,22,14,1,27.600000000000005,12,12,1.0632550817578552,27.600000000000005
2.0217714943693785,12.9972784340515,11,0,0,2.3081642845580514,17,50,2,4,1,21.3,18,18,2.3081642845580514,21.3
0.1259330746249498,0.4939459537222257,29,1,1,-2.7508375794055753,5,21,42,14,1,19.0,12,12,-2.7508375794055753,19.0
1.2870134123902284,16.205182610345737,26,1,1,1.1558418870252392,27,41,32,61,1,39.0,12,12,1.1558418870252392,39.0
2.591426703229313,10.731563800572406,6,1,0,2.582883441406206,87,88,40,10,0,62.5,20,20,2.582883441406206,62.5
1.4633796485356,5.564343741376443,19,0,1,-0.2017793923104716,96,61,42,94,0,74.3,12,12,-0.2017793923104716,74.3
1.465549386433812,1.232159705849385,17,0,0,-0.8673483042565984,57,51,46,34,0,48.400000000000006,12,12,-0.8673483042565984,48.400000000000006
1.710466837709535,3.2499683094888288,22,1,0,-0.8658196030184204,77,69,41,13,0,54.6,12,12,-0.8658196030184204,54.6
2.288505685252231,17.900677177068737,12,0,0,3.2955377095146394,80,51,40,24,0,52.099999999999994,18,18,3.2955377095146394,52.099999999999994
1.9609688486532324,13.72048447871782,16,0,0,1.9284844352048571,62,61,82,40,0,61.3,12,12,1.9284844352048571,61.3
2.6216233262773407,4.998034432737796,3,0,0,1.7482562170584959,72,83,12,90,0,66.9,20,20,1.7482562170584959,66.9
0.7683163859836675,1.3120152989005909,24,1,0,-1.830270385826415,87,81,22,70,0,68.8,12,12,-1.830270385826415,68.8
1.8064063454058108,13.812306247732726,13,0,0,2.18502378770887,72,90,12,30,0,56.99999999999999,12,12,2.18502378770887,56.99999999999999
0.88186635307777,11.448154519355302,19,0,0,0.7423774451021685,2,11,62,30,0,22.3,12,12,0.7423774451021685,22.3
0.8170682206563473,8.090390489164701,27,0,0,-0.7550946139045209,5,3,2,10,0,4.8,12,12,-0.7550946139045209,4.8
1.4461325277019692,7.272228983801277,12,0,1,0.8328988078410431,73,84,77,81,1,78.69999999999999,12,12,0.8328988078410431,78.69999999999999
3.339094362200312,4.336285518582166,2,0,0,2.002894848596558,5,17,21,10,1,12.8,22,22,2.002894848596558,12.8
0.8196254779474454,13.392225130750353,25,0,0,0.5062952173290487,51,42,12,29,1,36.099999999999994,12,12,0.5062952173290487,36.099999999999994
0.6768179731112823,19.41336055587741,25,0,0,1.6533993004199958,9,7,21,20,1,13.0,12,12,1.6533993004199958,13.0
1.3895448744649723,3.514304916736517,17,0,0,-0.4413210668667078,19,72,15,50,1,40.3,12,12,-0.4413210668667078,40.3
1.9915084140251773,11.942332400310068,13,0,0,1.8850698456720847,32,80,58,46,1,54.400000000000006,12,12,1.8850698456720847,54.400000000000006
1.6398675504146123,8.483701114919524,14,0,0,0.95268724314975,32,60,58,66,1,52.400000000000006,12,12,0.95268724314975,52.400000000000006
2.511743020605421,8.933774434893298,2,0,0,2.591452095220828,12,8,18,26,1,14.8,20,20,2.591452095220828,14.8
2.9839199495864985,5.082945602556288,0,0,0,2.210157100345857,52,10,13,6,1,22.400000000000002,20,20,2.210157100345857,22.400000000000002
1.25865485443205,16.50269751322838,25,0,1,1.3040014444184962,72,80,58,66,1,70.39999999999999,12,12,1.3040014444184962,70.39999999999999
1.4179299273727557,9.705112082944822,23,0,1,0.20819438753806674,72,80,58,66,1,70.39999999999999,12,12,0.20819438753806674,70.39999999999999
1.5970165723817666,10.86811704396528,16,1,0,1.2124300377457624,92,80,88,76,0,84.39999999999999,12,12,1.2124300377457624,84.39999999999999
3.08869986818596,6.095218255946515,2,0,1,2.254523598463687,72,80,98,96,0,84.39999999999999,22,22,2.254523598463687,84.39999999999999
1.6413414427787147,3.636169313338995,13,1,0,0.08377043977928489,72,80,58,86,0,74.39999999999999,12,12,0.08377043977928489,74.39999999999999
2.5868706562634283,1.7182077640564095,2,0,0,1.1783898153166534,22,20,18,6,1,17.4,20,20,1.1783898153166534,17.4
2.389032645212185,14.282382818498318,12,0,1,2.6120896217845373,12,20,38,46,1,26.4,18,18,2.6120896217845373,26.4
1.8981464002812247,3.924685633757112,14,1,0,0.14419568686391226,70,92,83,85,0,82.19999999999999,12,12,0.14419568686391226,82.19999999999999
2.1104879749817496,13.801507083775954,17,0,0,1.9044966067478906,50,40,52,66,0,50.6,18,18,1.9044966067478906,50.6
1.7002735894049137,7.807528920939077,13,0,0,0.9416152199497809,80,94,62,77,0,80.00000000000001,12,12,0.9416152199497809,80.00000000000001
1.0444999950877136,8.315496019793029,20,1,0,0.0808992019936916,87,48,82,96,1,76.10000000000001,12,12,0.0808992019936916,76.10000000000001
1.1941661337644758,9.383549921855431,25,0,0,-0.14562356212312322,70,40,2,16,1,36.6,12,12,-0.14562356212312322,36.6
2.6491368281965504,7.354170162550863,2,0,0,2.330488763788793,65,86,62,40,1,65.69999999999999,20,20,2.330488763788793,65.69999999999999
1.2341413889277302,2.0123995444518017,18,0,0,-0.9038635355385476,15,6,32,40,0,20.7,12,12,-0.9038635355385476,20.7
2.127408865912826,6.192636200056915,7,1,0,1.3894907863765136,19,74,32,17,1,37.699999999999996,18,18,1.3894907863765136,37.699999999999996
2.913887649138132,13.274687213878767,3,1,1,3.520492502431007,69,76,82,94,0,78.7,20,20,3.520492502431007,78.7
3.119393913150377,13.31568802937742,3,0,0,3.6108951711356347,39,26,12,44,1,30.7,22,22,3.6108951711356347,30.7
1.0363787383257312,5.724486144799887,18,0,1,-0.24055127570973012,59,97,42,70,0,69.19999999999999,12,12,-0.24055127570973012,69.19999999999999
2.403284547023526,9.20205253115376,10,1,0,1.801724325040162,10,17,12,40,0,18.5,18,18,1.801724325040162,18.5
3.1565080639094454,3.8689445602387496,0,0,1,2.036392137611528,80,87,72,60,0,76.5,22,22,2.036392137611528,76.5
2.723471858740064,4.207441630596716,7,0,1,1.230877069615369,70,99,66,65,0,76.9,20,20,1.230877069615369,76.9
1.5309511463109082,0.4609417681321481,14,1,0,-0.6954311878492072,80,97,86,95,0,89.3,12,12,-0.6954311878492072,89.3
3.468581349135728,17.934930998154893,0,0,0,4.97441873928527,69,34,12,17,1,36.699999999999996,22,22,4.97441873928527,36.699999999999996
2.3020320443414053,4.214133301498125,6,1,0,1.163639478036187,10,17,12,14,1,13.3,18,18,1.163639478036187,13.3
1.265677909199434,4.550677538729266,20,1,1,-0.5835933285743731,61,97,82,64,1,76.6,12,12,-0.5835933285743731,76.6
1.479602227739032,5.592028652902636,19,1,0,-0.18975337832386008,21,27,52,34,1,31.599999999999998,12,12,-0.18975337832386008,31.599999999999998
1.4450767191993792,2.54816143390858,19,0,0,-0.8123370255385323,49,94,42,7,1,52.699999999999996,12,12,-0.8123370255385323,52.699999999999996
0.8094338103684621,12.785257663627256,23,0,0,0.5808250568728357,70,64,42,32,0,55.0,12,12,0.5808250568728357,55.0
2.1502332699887816,1.5028590635517314,10,0,1,0.16066512070585892,79,84,82,37,0,72.7,18,18,0.16066512070585892,72.7
0.5591437155118445,2.6840485265270053,26,0,0,-1.8395328084898612,19,80,12,17,1,35.5,12,12,-1.8395328084898612,35.5
0.5807884851770568,12.895134531801858,28,0,0,0.011342300431194552,11,70,32,29,1,36.5,12,12,0.011342300431194552,36.5
1.602089195984674,6.793212409628855,13,0,0,0.6994781603196405,10,8,10,10,1,9.4,12,12,0.6994781603196405,9.4
1.0027983635819373,14.158956534023782,21,0,1,1.1329106522375314,18,28,40,20,1,25.8,12,12,1.1329106522375314,25.8
1.6630634531990602,11.14849489340284,15,0,0,1.3949243599601924,90,84,52,30,0,68.6,12,12,1.3949243599601924,68.6
1.5315464597195698,5.120423461230262,13,0,0,0.3367032761338804,92,81,32,36,0,65.5,12,12,0.3367032761338804,65.5
2.205842147030335,13.016559009786562,11,0,0,2.3856486607694465,42,21,2,16,0,22.499999999999996,18,18,2.3856486607694465,22.499999999999996
1.155338560965664,2.325473605857613,16,0,0,-0.6727698544422118,22,20,6,26,0,19.0,12,12,-0.6727698544422118,19.0
2.153758339869399,10.728207661600608,13,0,1,1.7071448682678814,95,82,82,70,0,83.5,18,18,1.7071448682678814,83.5
2.592786686317039,8.742962100900693,9,1,0,1.8857070947069543,90,62,80,60,0,73.6,20,20,1.8857070947069543,73.6
0.9123305070955544,5.357471656348816,23,1,0,-0.8635734658920153,72,21,22,26,0,37.5,12,12,-0.8635734658920153,37.5
0.6956309334599464,12.080099954790002,28,0,1,-0.10572763565802124,92,31,42,27,0,50.699999999999996,12,12,-0.10572763565802124,50.699999999999996
2.139619891368985,17.42667184680565,13,0,1,3.041182325908724,82,31,52,25,0,49.3,18,18,3.041182325908724,49.3
1.5504493308923313,19.97809399526153,17,0,0,2.915798531409239,72,41,46,27,0,48.5,12,12,2.915798531409239,48.5
1.5475367003506038,12.15525537486849,21,0,0,0.9500657551139398,74,71,56,37,0,62.1,12,12,0.9500657551139398,62.1
2.966548034294946,8.094117486583404,8,0,1,2.005442711034659,74,60,56,37,0,58.800000000000004,20,20,2.005442711034659,58.800000000000004
1.6336793710032238,4.5041420043240326,16,1,0,-0.045699850733904146,95,94,72,80,0,87.10000000000001,12,12,-0.045699850733904146,87.10000000000001
2.3325403195354064,5.141921787902235,5,0,1,1.4614004853946096,97,87,82,86,0,88.8,18,18,1.4614004853946096,88.8
3.270262309404739,9.589099562995314,7,1,1,2.525924836360958,40,38,32,36,1,37.0,22,22,2.525924836360958,37.0
0.3464705925902769,7.345554025614184,25,0,0,-0.8923009578410526,41,39,35,39,1,38.8,12,12,-0.8923009578410526,38.8
1.8949043363401072,18.276290452498884,12,0,1,3.2132198250358197,51,79,85,89,0,73.8,12,12,3.2132198250358197,73.8
1.4567426010872695,7.365909353114191,17,0,0,0.35587891105774583,81,79,91,85,0,83.2,12,12,0.35587891105774583,83.2
2.5537231512721896,7.468891822908709,4,1,0,2.115267625090618,71,70,65,69,0,69.1,20,20,2.115267625090618,69.1
2.224197461212005,7.67069024867954,5,0,0,1.92381703422071,75,71,76,80,0,75.0,18,18,1.92381703422071,75.0
1.8476004181084256,16.732404207353163,20,0,1,2.085521008714003,49,36,32,44,1,40.7,12,12,2.085521008714003,40.7
1.849760707133483,13.015766416938035,18,1,0,1.5430575662410007,42,24,12,24,1,26.999999999999996,12,12,1.5430575662410007,26.999999999999996
3.268794215560215,12.283377006377854,3,0,0,3.464193087499657,90,86,82,74,0,84.0,22,22,3.464193087499657,84.0
2.546516637246023,6.682860447677244,6,0,1,1.755178744433858,62,64,72,84,0,69.0,20,20,1.755178744433858,69.0
3.1012292205041274,16.35808353664879,3,0,0,4.212108395531409,90,86,82,74,1,84.0,22,22,4.212108395531409,84.0
0.6559540779626771,0.7672772271140227,24,0,0,-1.984162923392125,62,64,72,84,1,69.0,12,12,-1.984162923392125,69.0
3.088512305616677,17.415943446762263,10,0,1,3.7185936115991236,98,87,86,84,0,89.5,22,22,3.7185936115991236,89.5
1.992559805482,10.254997995878592,11,0,1,1.7480235213685185,72,74,82,89,0,78.0,12,12,1.7480235213685185,78.0
2.605247445547851,7.965004697268256,13,0,1,1.3350999176727913,18,17,26,34,1,22.5,20,20,1.3350999176727913,22.5
1.7339724542334658,9.943345614353714,12,0,1,1.4822581045641288,32,14,32,29,1,26.000000000000004,12,12,1.4822581045641288,26.000000000000004
1.11384878785912,13.348310610676622,28,1,0,0.3152016372789723,10,12,20,13,1,13.2,12,12,0.3152016372789723,13.2
1.6492502516618042,0.2553085303579472,9,1,0,-0.18923819326368885,22,34,15,9,1,21.599999999999998,12,12,-0.18923819326368885,21.599999999999998
1.3375549802098765,17.431037129164956,17,0,0,2.3212294179169417,11,20,21,23,0,18.1,12,12,2.3212294179169417,18.1
1.9846599185571745,8.934790506227856,15,0,0,1.080822068668441,12,44,25,39,0,29.599999999999998,12,12,1.080822068668441,29.599999999999998
3.060881655966949,6.859330394001564,4,0,0,2.1962187411870926,15,50,24,43,0,32.9,22,22,2.1962187411870926,32.9
2.3928973584250004,2.764911312681142,7,0,1,0.8101412059062284,32,44,29,89,0,46.4,18,18,0.8101412059062284,46.4
2.0837969900967988,8.789307487168843,13,0,0,1.291380293472488,65,59,74,83,0,68.6,18,18,1.291380293472488,68.6
3.64573804877044,9.926455425687577,4,0,0,3.0435863046456917,72,64,59,89,0,70.39999999999999,24,24,3.0435863046456917,70.39999999999999
0.322286081625407,8.072933889869557,25,1,0,-0.7564987893759259,95,57,74,89,1,78.19999999999999,12,12,-0.7564987893759259,78.19999999999999
1.129514334361546,13.573201876537942,27,0,0,0.46644610905220674,82,84,79,79,1,81.39999999999999,12,12,0.46644610905220674,81.39999999999999
0.6307569438666114,8.41793057518452,23,1,0,-0.36411110741645136,25,29,34,33,1,29.6,12,12,-0.36411110741645136,29.6
3.157229638804093,19.228351556931468,7,0,0,4.408562166907931,42,34,29,39,1,36.4,22,22,4.408562166907931,36.4
0.680087787496653,11.985550356471837,24,0,0,0.2691451862930281,55,79,44,43,0,57.6,12,12,0.2691451862930281,57.6
0.7963598478866475,16.14955871303818,25,0,0,1.0484556817622948,62,64,69,49,0,61.39999999999999,12,12,1.0484556817622948,61.39999999999999
2.844039214925591,2.187118062189577,5,0,1,1.0750392984081518,78,88,74,83,0,81.19999999999999,20,20,1.0750392984081518,81.19999999999999
1.253451854215859,7.945825858918114,15,0,1,0.5905459134699664,72,84,89,89,0,82.39999999999999,12,12,0.5905459134699664,82.39999999999999
0.534508880538856,6.736954028943054,27,0,0,-1.138805641995847,60,92,83,23,0,66.8,12,12,-1.138805641995847,66.8
3.191046118219917,11.389647762731837,3,1,1,3.2543479998343345,50,90,83,13,0,61.2,22,22,3.2543479998343345,61.2
2.81542127530912,17.222270401228513,11,0,0,3.470622590369351,60,97,13,3,0,50.3,20,20,3.470622590369351,50.3
2.1571223032650955,1.5667643552401334,10,0,0,0.17620179235406486,50,95,23,10,0,50.1,18,18,0.17620179235406486,50.1
2.7238280604010647,1.4514959608942155,2,1,0,1.1798304163392692,60,87,23,11,1,50.9,20,20,1.1798304163392692,50.9
2.627693905554347,17.00635416315198,11,1,0,3.3523483948521346,50,80,20,15,1,46.0,20,20,3.3523483948521346,46.0
0.9124156208354256,4.257001720767148,29,1,1,-1.6836334075124004,10,15,10,21,1,13.7,12,12,-1.6836334075124004,13.7
2.609623081817451,13.375065088996276,4,0,0,3.318862250526236,30,10,20,5,1,17.0,20,20,3.318862250526236,17.0
2.981992255406158,10.857562647216104,5,0,1,2.864309431605684,24,35,18,31,0,27.5,20,20,2.864309431605684,27.5
1.625082773696198,16.657871897744588,18,0,0,2.181607489027397,27,20,33,35,0,27.7,12,12,2.181607489027397,27.7
1.3616984178594074,2.5017781967280706,17,0,0,-0.6549649935106232,80,77,63,83,0,76.3,12,12,-0.6549649935106232,76.3
1.9169618961294344,2.595659314452225,15,0,1,-0.21408337865778115,75,85,73,80,0,78.6,12,12,-0.21408337865778115,78.6
1.011253194616751,11.13636720556615,22,0,0,0.4317747189599306,40,7,50,41,1,32.300000000000004,12,12,0.4317747189599306,32.300000000000004
2.3321590405051187,18.92757306716742,10,1,0,3.7183782296355314,35,2,29,33,1,23.5,18,18,3.7183782296355314,23.5
3.387938347765993,8.299955167415085,4,1,0,2.6151663725894143,10,90,30,21,0,40.2,22,22,2.6151663725894143,40.2
2.384690791358408,6.538842005093899,8,0,0,1.4616447175621434,25,80,29,23,0,41.9,18,18,1.4616447175621434,41.9
2.7808169956104924,12.133786463957716,2,0,0,3.3390840910357404,10,8,9,3,1,7.800000000000001,20,20,3.3390840910357404,7.800000000000001
0.5348357535394734,18.608972010900622,29,0,0,1.0357287035959137,15,7,12,7,1,10.4,12,12,1.0357287035959137,10.4
2.542214348782037,16.738556656892474,7,0,0,3.6645970708913094,70,90,20,21,0,56.2,20,20,3.6645970708913094,56.2
3.0071290674312805,19.9096722146644,5,0,0,4.6847860699053925,75,80,15,20,0,53.5,22,22,4.6847860699053925,53.5
2.9858098143768106,0.4513716640475418,3,1,0,0.9845982585602326,78,98,10,11,0,57.0,20,20,0.9845982585602326,57.0
1.9493060573283008,2.2571628942552446,11,0,0,0.13115500178236905,79,89,11,14,0,55.4,12,12,0.13115500178236905,55.4
2.1478451963634986,12.18935526733244,11,0,0,2.1970091320118876,16,90,15,11,0,37.0,18,18,2.1970091320118876,37.0
1.1757680252358405,16.411528786676996,24,0,0,1.3526129674297351,17,80,13,10,0,33.7,12,12,1.3526129674297351,33.7
1.4003632540944204,5.704886846135331,20,1,0,-0.2988773291351656,40,87,50,41,0,56.3,12,12,-0.2988773291351656,56.3
1.7555440233413917,4.784221760684375,15,1,0,0.15906196147343188,35,92,29,33,0,50.49999999999999,12,12,0.15906196147343188,50.49999999999999
2.900096239205548,15.739515987624015,9,1,0,3.407941693207022,14,97,15,14,0,39.099999999999994,20,20,3.407941693207022,39.099999999999994
1.0334594906901564,1.1276370770646316,21,0,0,-1.4610887883110113,13,82,20,30,0,38.5,12,12,-1.4610887883110113,38.5
1.907742363387151,7.387652951651702,13,0,0,0.940627535685201,24,97,15,14,0,42.099999999999994,12,12,0.940627535685201,42.099999999999994
1.880909289765476,10.116184451846594,12,0,0,1.5756006062755095,23,82,20,30,0,41.5,12,12,1.5756006062755095,41.5
2.614950353949793,11.206973487006469,8,0,0,2.4873748389812107,20,3,9,3,1,9.3,20,20,2.4873748389812107,9.3
3.1071355935726115,14.572303135855538,6,1,0,3.5573148646001527,15,4,12,7,1,9.500000000000002,22,22,3.5573148646001527,9.500000000000002
1.3864645615000095,7.096914468613164,11,0,0,0.8739687183226366,5,13,6,6,1,7.800000000000001,12,12,0.8739687183226366,7.800000000000001
2.8337600718448117,12.253686893492144,4,0,0,3.184241407436354,7,9,11,10,1,9.0,20,20,3.184241407436354,9.0
1.0861513973549914,11.707508455819127,17,0,0,1.075962250105822,10,94,40,11,0,41.400000000000006,12,12,1.075962250105822,41.400000000000006
2.874037360035303,10.952322013074944,3,0,0,3.04007934662911,25,89,21,13,0,41.00000000000001,20,20,3.04007934662911,41.00000000000001
2.8956713046591838,12.809665862844245,1,0,0,3.6202016944325224,30,98,42,21,0,51.0,20,20,3.6202016944325224,51.0
3.1813076022771107,5.188983421361526,2,0,1,2.1103197251831496,35,97,41,23,0,52.4,22,22,2.1103197251831496,52.4
0.4712831088434319,1.6929750716925795,25,0,0,-1.9728917421241112,32,88,32,25,0,47.4,12,12,-1.9728917421241112,47.4
2.2113795279733512,2.3854334407948685,11,0,1,0.2616384993483143,25,87,21,27,0,43.199999999999996,18,18,0.2616384993483143,43.199999999999996
3.375252255246081,4.491647653078021,2,1,1,2.048430432714037,72,98,52,15,0,64.4,22,22,2.048430432714037,64.4
3.203858190796927,10.003958710455706,3,0,0,2.9823350184099127,75,90,51,17,0,63.1,22,22,2.9823350184099127,63.1
3.3501791105924874,16.808855010920404,5,0,0,4.201842646421076,20,88,31,28,1,44.2,22,22,4.201842646421076,44.2
1.7257915297427142,14.025866841767682,11,0,0,2.395489980250622,10,98,41,38,1,48.2,12,12,2.395489980250622,48.2
2.2166038146961022,15.780812084040942,18,1,0,2.2428039426866295,90,98,41,38,0,72.19999999999999,18,18,2.2428039426866295,72.19999999999999
2.0046273170074884,7.019512478521827,9,1,0,1.3057534225073613,80,88,51,39,0,68.4,18,18,1.3057534225073613,68.4
0.7157420455446748,8.093074832971004,29,0,1,-0.9950882151879294,80,95,21,28,0,62.300000000000004,12,12,-0.9950882151879294,62.300000000000004
3.8806400848697424,7.873637719812256,0,0,1,3.126983577910348,78,70,31,29,0,56.400000000000006,24,24,3.126983577910348,56.400000000000006
1.689528158418944,3.8374636880900304,16,1,0,-0.15669599901441633,10,18,71,38,1,30.200000000000003,12,12,-0.15669599901441633,30.200000000000003
1.7579788035014272,1.2243331628714405,15,1,0,-0.551941846025141,10,58,51,48,1,40.2,12,12,-0.551941846025141,40.2
2.136399546240388,11.818321856544536,8,0,0,2.4182241898050627,98,88,60,31,0,74.0,18,18,2.4182241898050627,74.0
0.911568270646688,19.784333668411723,24,0,1,1.9214940419410196,75,81,51,34,0,63.8,12,12,1.9214940419410196,63.8
1.1378011102056016,3.3365940990052567,20,0,1,-0.8775607361167079,10,17,50,21,0,22.3,12,12,-0.8775607361167079,22.3
2.34926492736688,0.9336963979854752,8,1,1,0.3264452505438471,35,2,29,23,0,21.5,18,18,0.3264452505438471,21.5
0.6237474365472879,15.59063363647866,26,0,0,0.7676257019146475,10,20,22,97,1,32.800000000000004,12,12,0.7676257019146475,32.800000000000004
0.3410294459251265,5.051720133694484,22,0,0,-1.0532441948910525,5,9,19,98,1,27.6,12,12,-1.0532441948910525,27.6
2.223813666751698,16.59287610705857,8,0,0,3.408100688112394,10,10,40,51,1,24.200000000000003,18,18,3.408100688112394,24.200000000000003
2.328240384630152,14.078733340690308,11,0,0,2.6470428219901225,35,2,29,23,1,21.5,18,18,2.6470428219901225,21.5
1.6230778220088506,18.91347074101609,22,1,1,2.2319252770067584,20,90,50,61,1,55.2,12,12,2.2319252770067584,55.2
2.200896321528595,8.178544715133441,8,1,1,1.7160674716381263,32,82,59,63,1,58.6,18,18,1.7160674716381263,58.6
2.5841106550638626,13.239396789012684,14,0,0,2.281523619828082,10,30,50,91,1,40.2,20,20,2.281523619828082,40.2
2.9965033042477023,9.297095616265414,1,1,0,2.958020444952164,12,22,59,83,1,38.6,20,20,2.958020444952164,38.6
2.373993481435845,12.61177394617087,10,0,0,2.4719521818085126,11,20,20,98,1,32.900000000000006,18,18,2.4719521818085126,32.900000000000006
2.8304044557095467,8.991978120154746,10,1,1,1.930557406314768,10,12,29,93,1,31.0,20,20,1.930557406314768,31.0
2.5251155338354896,3.7726449284814967,7,1,0,1.0645751992304953,69,82,20,28,0,54.9,20,20,1.0645751992304953,54.9
1.0429816505882752,10.157948320067618,22,1,0,0.2487823242488334,70,83,29,33,0,58.300000000000004,12,12,0.2487823242488334,58.300000000000004
2.661096903670216,10.571684028748846,5,1,0,2.6787755672178557,89,92,40,28,0,67.89999999999999,20,20,2.6787755672178557,67.89999999999999
1.599593887728051,16.21207696520322,20,0,0,1.8822529481318648,79,93,49,23,0,65.99999999999999,12,12,1.8822529481318648,65.99999999999999
1.7994091491725042,14.710414115871624,19,1,1,1.7618464828433262,15,90,21,97,0,55.10000000000001,12,12,1.7618464828433262,55.10000000000001
2.6576385566960075,13.275832478828882,6,0,0,3.118221918444179,20,77,31,88,0,52.9,20,20,3.118221918444179,52.9
2.998484061883098,2.2677419110514507,2,0,0,1.4529420069635295,4,10,11,7,1,7.800000000000001,20,20,1.4529420069635295,7.800000000000001
2.977408432892682,14.4123258132743,7,0,0,3.373428535811933,5,0,1,8,1,3.3,20,20,3.373428535811933,3.3
1.3751641369478076,10.006103127090295,17,0,0,0.8512862801971819,88,81,50,10,1,62.7,12,12,0.8512862801971819,62.7
1.84886644019124,17.881990722123184,16,1,0,2.7159447205011324,90,88,54,12,1,66.60000000000001,12,12,2.7159447205011324,66.60000000000001
2.442456200129272,18.39741868261085,10,0,0,3.6564662165738797,86,98,50,20,0,69.2,18,18,3.6564662165738797,69.2
2.8560385143532114,1.1031318120357092,1,1,0,1.2630417681484263,90,90,57,22,0,69.80000000000001,20,20,1.2630417681484263,69.80000000000001
1.206150230255099,16.412831207089575,24,1,1,1.3650263335199542,78,91,50,40,0,68.7,12,12,1.3650263335199542,68.7
0.8959029903990774,0.7539478084534124,20,1,0,-1.4908492421496866,70,98,54,72,0,75.60000000000001,12,12,-1.4908492421496866,75.60000000000001
0.2731909291583428,7.343392513900453,26,0,0,-1.0220451255565723,80,80,46,61,0,69.4,12,12,-1.0220451255565723,69.4
0.66750896106505,10.845999512421582,23,0,0,0.13620348691033612,85,82,59,63,0,74.5,12,12,0.13620348691033612,74.5
1.0894406041524294,2.962015972542549,18,0,0,-0.7718205638305184,88,90,86,81,0,86.8,12,12,-0.7718205638305184,86.8
2.813211008121627,14.926276251381536,6,0,0,3.510539653524958,89,92,89,83,0,88.69999999999999,20,20,3.510539653524958,88.69999999999999
1.8687585897071977,0.1670940834427714,17,1,1,-0.9190777474285667,39,71,40,26,1,46.2,12,12,-0.9190777474285667,46.2
3.0356935955108426,3.3719809686807367,7,1,0,1.1886736319404845,35,80,34,22,1,45.699999999999996,22,22,1.1886736319404845,45.699999999999996
2.13535680128746,11.615936597069512,13,0,0,1.8773300399288864,76,81,80,86,0,80.3,18,18,1.8773300399288864,80.3
3.038116129209991,14.287751240745848,6,1,0,3.472796699833166,65,89,64,82,0,75.4,22,22,3.472796699833166,75.4
0.9941294103867458,18.332862053878323,27,0,0,1.3642241749303627,96,95,70,70,0,85.3,12,12,1.3642241749303627,85.3
1.2325571657328191,14.109933038692477,20,0,0,1.3150094740316232,80,91,87,72,0,83.10000000000001,12,12,1.3150094740316232,83.10000000000001
0.8644037429995793,13.43558540509732,27,0,0,0.33287857821929556,2,9,10,1,1,5.5,12,12,0.33287857821929556,5.5
0.1152318548488273,7.886822927013286,26,0,0,-0.9765426726578119,3,8,19,3,1,7.699999999999999,12,12,-0.9765426726578119,7.699999999999999
2.934586305266487,0.0256885105360282,3,1,0,0.8789722242138005,50,79,10,31,0,46.900000000000006,20,20,0.8789722242138005,46.900000000000006
2.0469388171096283,2.403185174712439,16,1,0,-0.3005874382136611,53,88,9,33,0,50.699999999999996,18,18,-0.3005874382136611,50.699999999999996
3.065473133634235,10.691090895120784,4,1,0,2.9644074324778513,70,89,12,21,0,54.300000000000004,22,22,2.9644074324778513,54.300000000000004
2.437026300114272,13.502597716888394,11,0,0,2.5753300634233875,59,90,19,43,0,57.1,18,18,2.5753300634233875,57.1
2.427614635957672,8.34896567792925,8,0,0,1.8408389899689188,78,80,66,51,0,70.8,18,18,1.8408389899689188,70.8
0.7771509547591905,14.613580230567804,25,0,0,0.733576428017237,79,72,79,83,0,77.69999999999999,12,12,0.733576428017237,77.69999999999999
1.879575445166732,10.437245906643575,19,1,1,0.9392793593954079,10,9,2,1,1,6.3,12,12,0.9392793593954079,6.3
1.596574874404599,1.4835239118862442,12,0,0,-0.2646652678609116,9,7,9,3,1,7.199999999999999,12,12,-0.2646652678609116,7.199999999999999
0.7045952434646587,3.8403250193589766,24,0,0,-1.3500968987423416,98,90,86,71,0,87.8,12,12,-1.3500968987423416,87.8
0.7641866973896485,16.799964464878858,27,1,0,0.9656675719316308,89,92,89,83,0,88.69999999999999,12,12,0.9656675719316308,88.69999999999999
1.503416679305313,14.49825493248879,17,1,1,1.801017658219883,88,90,76,81,0,84.8,12,12,1.801017658219883,84.8
1.5258378621561266,17.8952397402499,19,1,1,2.2893830929124306,99,96,89,84,0,93.1,12,12,2.2893830929124306,93.1
2.2708411075244164,2.351144982418732,8,1,0,0.5785654394935129,82,89,22,31,0,61.9,18,18,0.5785654394935129,61.9
3.402352538644452,19.80445069230148,3,0,0,5.021831153918077,84,92,29,43,0,67.19999999999999,22,22,5.021831153918077,67.19999999999999
1.4382049683676248,4.188134278998672,20,0,1,-0.5870911568532158,70,69,46,45,1,59.900000000000006,12,12,-0.5870911568532158,59.900000000000006
0.3365712986081556,0.2355975257328402,26,0,0,-2.4182519754101697,74,62,49,43,1,59.199999999999996,12,12,-2.4182519754101697,59.199999999999996
3.1122811365205387,19.94845878107108,7,0,0,4.534604210822431,90,79,76,79,0,81.7,22,22,4.534604210822431,81.7
3.770694721842285,5.621477708902263,0,0,1,2.6325734305173665,84,77,79,68,0,77.69999999999999,24,24,2.6325734305173665,77.69999999999999
1.655613322522051,13.360389050251198,16,0,0,1.7343231390590605,80,80,62,11,1,62.6,12,12,1.7343231390590605,62.6
1.0504696915596752,3.533646283526104,24,1,0,-1.2730828666709095,81,82,69,13,1,65.3,12,12,-1.2730828666709095,65.3
2.5353912836886785,11.604570643982834,8,0,1,2.5350706422720384,10,0,2,41,1,11.600000000000001,20,20,2.5350706422720384,11.600000000000001
1.3960904942452492,18.080699729091187,19,0,0,2.274576143516337,11,2,9,49,1,15.5,12,12,2.274576143516337,15.5
2.025416982399455,6.403623348568772,12,1,0,0.8908914626735362,85,89,22,61,0,68.8,18,18,0.8908914626735362,68.8
3.2683025478531924,13.405079520887185,1,0,0,3.888336923318714,80,89,23,68,0,68.9,22,22,3.888336923318714,68.9
2.017218038843316,3.75807177596833,12,1,0,0.3585015707309922,95,87,62,81,0,83.2,18,18,0.3585015707309922,83.2
2.3976825794915584,12.495907974374504,8,1,0,2.658254626671525,87,79,73,98,0,84.0,18,18,2.658254626671525,84.0
0.2878673233291232,6.729007036350203,29,1,0,-1.4390516633983106,85,87,72,10,1,68.0,12,12,-1.4390516633983106,68.0
1.5487102111350304,4.224165171759033,19,0,0,-0.4356828811941813,79,88,79,20,1,69.89999999999999,12,12,-0.4356828811941813,69.89999999999999
2.905242112307261,6.263641014072703,5,1,1,1.914825047737445,80,81,71,30,0,68.5,20,20,1.914825047737445,68.5
0.2489771312307257,3.576821370155987,27,0,0,-1.8850448734765126,70,83,70,23,0,64.5,12,12,-1.8850448734765126,64.5
3.4184098665461984,18.03832215675765,0,1,1,4.97502837797001,80,82,76,19,0,67.6,22,22,4.97502837797001,67.6
0.5829208864689581,7.943737726342577,27,0,1,-0.8780841001439015,70,82,75,29,0,66.39999999999999,12,12,-0.8780841001439015,66.39999999999999
0.930028645913522,4.905586099487347,24,0,0,-1.0468713217371222,89,87,86,15,0,73.0,12,12,-1.0468713217371222,73.0
2.679085718058188,8.968156820318658,4,1,0,2.465265651287007,90,86,85,10,0,71.8,20,20,2.465265651287007,71.8
3.1062304249844512,6.410723336129911,2,0,1,2.3246368372197628,69,77,76,75,1,74.0,22,22,2.3246368372197628,74.0
2.781287883700032,14.88838507626652,3,1,0,3.7901921687333173,70,76,65,70,1,70.8,20,20,3.7901921687333173,70.8
4.0,19.424398237709887,0,0,0,5.484879647541978,75,72,64,39,1,64.69999999999999,24,24,5.484879647541978,64.69999999999999
2.3327839636333105,8.760673133952936,13,1,0,1.3852482122439114,72,76,66,40,1,65.6,18,18,1.3852482122439114,65.6
3.0677183698465544,17.220667999444807,8,1,1,3.8712209478275836,77,82,74,79,0,78.3,22,22,3.8712209478275836,78.3
0.869123386308555,11.31726147119239,29,0,0,-0.2888983512381005,71,84,67,80,0,75.9,12,12,-0.2888983512381005,75.9
1.5205038773800068,3.1447133018846696,23,0,0,-1.0628557886710635,87,92,74,89,0,86.3,12,12,-1.0628557886710635,86.3
3.2898231421759827,13.812454841626831,3,1,0,3.7784202251957595,81,84,77,85,0,81.9,22,22,3.7784202251957595,81.9
2.1757392926719743,10.268689942516405,17,1,1,1.2240337055720705,15,97,22,10,0,39.99999999999999,18,18,1.2240337055720705,39.99999999999999
1.8524286908169372,13.01213046504207,13,0,0,2.0433975693351893,19,98,20,2,0,39.5,12,12,2.0433975693351893,39.5
1.4772887703973712,17.7937482514333,24,1,0,1.749665158445608,25,82,52,20,1,46.49999999999999,12,12,1.749665158445608,46.49999999999999
2.878926862568036,8.808691413120922,3,0,0,2.6133090276513986,29,78,40,12,1,42.49999999999999,20,20,2.6133090276513986,42.49999999999999
1.0580507720986625,18.023552464347112,24,0,0,1.627930801708887,45,87,57,80,0,67.0,12,12,1.627930801708887,67.0
2.572890420104166,15.013380285633096,9,0,0,3.1318322251682855,39,88,43,72,0,61.099999999999994,20,20,3.1318322251682855,61.099999999999994
3.5877355870777485,9.772098517559694,2,1,0,3.1895139383430386,85,90,52,30,0,68.9,24,24,3.1895139383430386,68.9
1.30141801379926,12.064442713159274,22,1,0,0.7334557481515587,79,91,49,22,0,65.2,12,12,0.7334557481515587,65.2
3.2094931359032093,6.511622650380229,6,0,1,1.9861217844373296,90,91,80,81,0,86.5,22,22,1.9861217844373296,86.5
2.5372306390536963,19.671945994775484,9,0,0,4.049281454576575,80,90,80,83,0,83.6,20,20,4.049281454576575,83.6
1.9893957592572007,13.34702326100792,12,1,0,2.265162955904464,80,83,82,71,1,79.5,12,12,2.265162955904464,79.5
3.0042333028010937,0.8769370499325979,3,0,1,1.077080731106957,71,81,83,72,1,76.60000000000001,22,22,1.077080731106957,76.60000000000001
1.5135167558797396,6.532438114960176,17,1,0,0.21189432534393093,72,87,72,89,1,79.89999999999999,12,12,0.21189432534393093,79.89999999999999
2.172740551700977,12.46628867518115,10,0,0,2.362353955716621,69,77,83,92,1,78.8,18,18,2.362353955716621,78.8
0.6416491686246723,1.126665555984796,24,0,1,-1.9180072213531723,85,99,42,90,0,81.6,12,12,-1.9180072213531723,81.6
2.7535902317989964,0.4776838263828553,3,0,0,0.8969728579961695,89,96,45,92,0,82.9,20,20,0.8969728579961695,82.9
1.0384883524708666,9.000484790556051,23,1,0,-0.08450770090044335,80,82,64,58,0,73.0,12,12,-0.08450770090044335,73.0
2.255019102931137,6.6538035938534,13,1,0,0.9327683599431349,87,93,63,60,0,78.6,18,18,0.9327683599431349,78.6
1.666702257521599,8.765972160663317,17,0,0,0.7198753351413032,15,9,14,80,1,26.0,12,12,0.7198753351413032,26.0
2.499459429635027,5.253866197600104,7,0,0,1.3505570113740317,9,6,15,85,1,24.5,18,18,1.3505570113740317,24.5
0.2782154592390721,3.2943549388596183,26,0,1,-1.8298428285324477,81,86,86,41,0,75.5,12,12,-1.8298428285324477,75.5
2.6375942281323583,13.782867139606754,9,1,0,2.9116111191742946,78,82,78,53,0,74.2,20,20,2.9116111191742946,74.2
3.0571217282122816,10.29142232535601,4,1,0,2.881133156356115,80,87,74,68,0,78.5,22,22,2.881133156356115,78.5
1.3619328272119078,4.003084224987337,22,1,0,-0.8546100241177697,85,88,79,70,0,81.7,12,12,-0.8546100241177697,81.7
3.2389317177358112,6.391788525199966,6,1,1,1.9739303921343176,2,7,4,8,1,5.1,22,22,1.9739303921343176,5.1
2.573034385056746,11.83615815326652,11,1,1,2.2964453846760025,5,4,5,8,1,5.300000000000001,20,20,2.2964453846760025,5.300000000000001
0.0,1.444586965449557,24,0,0,-2.111082606910089,50,77,14,28,0,46.49999999999999,12,12,-2.111082606910089,46.49999999999999
3.143909878121016,2.949060185323591,2,0,1,1.6473759883131247,55,74,25,29,0,49.5,22,22,1.6473759883131247,49.5
1.04646340029671,1.4649120821478023,25,1,1,-1.7884322234517556,30,17,14,57,1,28.299999999999997,12,12,-1.7884322234517556,28.299999999999997
2.868574228220813,16.246346654282377,3,0,0,4.096699022144801,35,14,23,62,1,31.700000000000003,20,20,4.096699022144801,31.700000000000003
